{"cameraMode":{"drawMode":0,"name":"Shaded","section":"Shading Mode"},"sceneLighting":true,"audioPlay":false,"sceneViewState":{"m_AlwaysRefresh":false,"showFog":true,"showSkybox":true,"showFlares":true,"showImageEffects":true,"showParticleSystems":true,"showVisualEffectGraphs":true,"m_FxEnabled":true},"in2DMode":false,"pivot":{"x":1.1818420886993409,"y":9.504478454589844,"z":-1.1418168544769288},"rotation":{"x":0.29494327306747439,"y":0.005734243430197239,"z":-0.0017667446518316866,"w":0.9555095434188843},"size":3.771775245666504,"orthographic":false}