{"cameraMode":{"drawMode":0,"name":"Shaded","section":"Shading Mode"},"sceneLighting":false,"audioPlay":false,"sceneViewState":{"m_AlwaysRefresh":false,"showFog":true,"showSkybox":false,"showFlares":true,"showImageEffects":true,"showParticleSystems":true,"showVisualEffectGraphs":true,"m_FxEnabled":true},"in2DMode":false,"pivot":{"x":-3.470244884490967,"y":0.8388569355010986,"z":20.088064193725587},"rotation":{"x":0.005396590102463961,"y":0.023997530341148378,"z":-0.00013906157983001322,"w":0.9997187852859497},"size":2.685883045196533,"orthographic":false}