{"cameraMode":{"drawMode":0,"name":"Shaded","section":"Shading Mode"},"sceneLighting":false,"audioPlay":false,"sceneViewState":{"m_AlwaysRefresh":false,"showFog":true,"showSkybox":false,"showFlares":true,"showImageEffects":true,"showParticleSystems":true,"showVisualEffectGraphs":true,"m_FxEnabled":true},"in2DMode":false,"pivot":{"x":0.21502037346363069,"y":0.6691701412200928,"z":2.976184606552124},"rotation":{"x":0.07739271968603134,"y":-0.8545407652854919,"z":0.4959937036037445,"w":0.13334916532039643},"size":0.36583781242370608,"orthographic":false}